,1. carry / rule / bring,2. remove / make / look,3. union / mining / work,4. duty / board / mission,5. war / union / dispute
national,1860.0,1860.0,1860.0,1880.0,1880.0
Arkansas,1860.0,1860.0,1860.0,1880.0,1880.0
California,1860.0,1860.0,1920.0,1890.0,1880.0
Connecticut,1860.0,1860.0,1860.0,1870.0,1880.0
Delaware,1860.0,1860.0,1860.0,1870.0,1870.0
District of Columbia,1860.0,1860.0,1860.0,1880.0,1870.0
Hawaii,1860.0,1860.0,1860.0,1880.0,1900.0
Idaho,1860.0,1860.0,1860.0,1900.0,1880.0
Illinois,1860.0,1860.0,1860.0,1870.0,1880.0
Indiana,1860.0,1860.0,1860.0,1870.0,1880.0
Iowa,1860.0,1860.0,1860.0,1880.0,1880.0
Kansas,1860.0,1860.0,1860.0,1870.0,1880.0
Louisiana,1860.0,1860.0,1860.0,1890.0,1900.0
Maine,1860.0,1860.0,1860.0,1870.0,1870.0
Maryland,,1860.0,1860.0,1900.0,1880.0
Michigan,,1860.0,1860.0,1880.0,1870.0
Minnesota,1860.0,1860.0,1870.0,1900.0,1880.0
Mississippi,1860.0,1860.0,1860.0,1880.0,1880.0
Nebraska,1860.0,1860.0,1860.0,1880.0,1880.0
Nevada,1860.0,1860.0,1860.0,1920.0,1870.0
New Jersey,,1860.0,1900.0,1880.0,1880.0
New York,1860.0,1860.0,1860.0,1880.0,1880.0
North Carolina,1860.0,1860.0,1870.0,1880.0,1890.0
Ohio,1860.0,1860.0,1860.0,1890.0,1880.0
Pennsylvania,1860.0,1860.0,1860.0,1870.0,1880.0
South Carolina,1860.0,1860.0,1860.0,1890.0,1900.0
Tennessee,1860.0,1860.0,1880.0,1880.0,1880.0
Texas,1860.0,1860.0,1890.0,1890.0,1870.0
Vermont,,1860.0,1860.0,1880.0,1880.0
Virginia,1860.0,1860.0,1880.0,1880.0,1880.0
Washington,,1860.0,1870.0,1900.0,1880.0
West Virginia,1860.0,1860.0,1870.0,1860.0,1870.0
Wisconsin,1860.0,1860.0,1860.0,1870.0,1880.0
