,1. hope / believe / know,2. faith / office / ask,3. sale / grant / purchase,4. company / industry / order,5. insurance / loan / publishing
national,1860.0,1860.0,1860.0,1860.0,1900.0
Arkansas,1860.0,1860.0,1910.0,1880.0,1900.0
California,1860.0,1860.0,1920.0,1860.0,1900.0
Connecticut,1860.0,1860.0,,1880.0,1900.0
Delaware,1860.0,1860.0,,1860.0,1900.0
District of Columbia,,1880.0,1860.0,1860.0,1900.0
Hawaii,1860.0,1860.0,1920.0,1880.0,1900.0
Idaho,1860.0,1860.0,,1870.0,1900.0
Illinois,1860.0,1860.0,1860.0,1870.0,1910.0
Indiana,1860.0,1860.0,,1870.0,1890.0
Iowa,1860.0,1870.0,,1870.0,1900.0
Kansas,1860.0,1860.0,,1880.0,1910.0
Kentucky,1860.0,1860.0,,1880.0,1900.0
Louisiana,1860.0,1860.0,1860.0,1860.0,1910.0
Maine,1860.0,1860.0,,1860.0,1900.0
Maryland,1860.0,1860.0,1920.0,1860.0,1900.0
Michigan,1860.0,1860.0,,1880.0,1890.0
Minnesota,1860.0,1860.0,,1870.0,1880.0
Mississippi,1860.0,1860.0,1910.0,1860.0,1900.0
Missouri,,1860.0,1860.0,1860.0,1900.0
Montana,1860.0,1860.0,,1880.0,1910.0
Nebraska,1860.0,1870.0,,1880.0,1880.0
Nevada,1860.0,1860.0,,1860.0,1900.0
New Jersey,1860.0,1860.0,,1880.0,1890.0
New York,,1860.0,,1860.0,1880.0
North Carolina,1860.0,1860.0,1920.0,1880.0,1910.0
Ohio,1860.0,1860.0,,1880.0,1900.0
Oregon,1860.0,1860.0,,1880.0,1900.0
Pennsylvania,1860.0,1860.0,,1860.0,1910.0
South Carolina,1860.0,1860.0,1890.0,1860.0,1910.0
Tennessee,1860.0,1860.0,1860.0,1860.0,1900.0
Texas,1860.0,1860.0,1870.0,1880.0,1900.0
Vermont,1860.0,1860.0,,1860.0,1910.0
Virginia,1860.0,1860.0,1860.0,1860.0,1900.0
Washington,1860.0,1860.0,,1880.0,1890.0
West Virginia,1860.0,1860.0,1860.0,1860.0,1910.0
Wisconsin,1860.0,1860.0,,1860.0,1900.0
