,1. list / mention / history,2. law / bankruptcy / appeals,3. earth / display / average,4. tribune / company / report,5. reputation / progress / experience
national,1860,1860,1860,1860,1880
Arizona,1860,1860,1860,1860,1890
Arkansas,1860,1860,1860,1860,1870
California,1860,1860,1860,1860,1890
Connecticut,1860,1860,1870,1880,1880
Delaware,1860,1860,1860,1860,1870
District of Columbia,1860,1860,1860,1860,1880
Hawaii,1860,1860,1860,1860,1890
Idaho,1860,1860,1860,1890,1890
Illinois,1860,1860,1870,1870,1880
Indiana,1860,1860,1860,1860,1870
Iowa,1860,1860,1860,1860,1870
Kansas,1860,1860,1860,1860,1880
Louisiana,1860,1860,1860,1860,1870
Maine,1860,1860,1860,1860,1870
Maryland,1860,1860,1860,1880,1870
Michigan,1860,1860,1860,1880,1860
Minnesota,1860,1860,1860,1860,1870
Mississippi,1860,1860,1860,1860,1870
Missouri,1860,1860,1860,1860,1880
Montana,1860,1860,1860,1870,1880
Nebraska,1860,1860,1860,1870,1870
Nevada,1860,1860,1920,1870,1880
New Jersey,1880,1860,1920,1870,1880
New York,1860,1860,1860,1860,1870
North Carolina,1860,1860,1860,1870,1860
Ohio,1860,1860,1860,1860,1860
Oregon,1860,1860,1860,1860,1870
Pennsylvania,1860,1860,1860,1860,1860
South Carolina,1860,1860,1860,1880,1860
Tennessee,1860,1860,1860,1860,1880
Texas,1860,1860,1860,1870,1880
Vermont,1860,1860,1870,1860,1870
Virginia,1860,1860,1860,1860,1880
Washington,1860,1860,1870,1870,1870
West Virginia,1860,1860,1860,1860,1880
Wisconsin,1860,1860,1860,1870,1860
