,1. bank / street / end,2. water / building / bridge,3. pool / house / reservoir,4. tower / pump / tanker,5. passenger / water / motor
national,1860.0,1860.0,1860.0,1860.0,1890.0
District of Columbia,1860.0,1870.0,1870.0,1860.0,1900.0
Indiana,1860.0,1870.0,1860.0,1860.0,1880.0
Louisiana,1860.0,1860.0,1870.0,1870.0,1900.0
Maine,1900.0,1860.0,1860.0,1870.0,1890.0
Maryland,1860.0,1870.0,1870.0,1860.0,1900.0
New York,1860.0,1860.0,1860.0,1860.0,1910.0
Ohio,1860.0,1860.0,1860.0,1860.0,1890.0
Pennsylvania,1860.0,1860.0,1860.0,1860.0,1880.0
South Carolina,1860.0,1870.0,1860.0,1880.0,1880.0
Tennessee,,1870.0,1870.0,1870.0,1910.0
Vermont,1860.0,1860.0,1860.0,1860.0,1910.0
Virginia,1860.0,1860.0,1860.0,1860.0,1910.0
West Virginia,1860.0,1870.0,1860.0,1870.0,1880.0
Wisconsin,1860.0,1860.0,1860.0,1860.0,1910.0
