,1. line / lines / cable,2. iron / wooden / steel,3. read / okay / phase,4. line / telegram / phone,5. rights / air / radio
national,1860.0,1860.0,1860.0,1860.0,1910.0
Arkansas,1860.0,1860.0,1860.0,1860.0,1910.0
California,1870.0,,1860.0,1870.0,1920.0
Delaware,1860.0,1860.0,1860.0,1870.0,1900.0
District of Columbia,1860.0,1860.0,1860.0,1870.0,
Illinois,1860.0,1860.0,1860.0,1880.0,1900.0
Indiana,1860.0,1860.0,1860.0,1870.0,1900.0
Iowa,1860.0,1860.0,1860.0,1860.0,1910.0
Kansas,1860.0,1860.0,1860.0,1860.0,1900.0
Louisiana,1860.0,1870.0,1860.0,1860.0,
Maine,1860.0,1860.0,1860.0,1860.0,1920.0
Maryland,1860.0,1860.0,1860.0,1860.0,1920.0
Michigan,1860.0,1860.0,1880.0,1860.0,
Minnesota,1860.0,1870.0,,1870.0,1880.0
Mississippi,1860.0,1860.0,1860.0,1870.0,1920.0
Nevada,1860.0,1860.0,1860.0,1890.0,1900.0
New York,1860.0,1870.0,1860.0,1860.0,1900.0
North Carolina,1860.0,1860.0,1860.0,1860.0,1900.0
Ohio,1860.0,1860.0,1860.0,1860.0,
Pennsylvania,1860.0,1860.0,1860.0,1870.0,
South Carolina,1860.0,1860.0,1860.0,1870.0,1920.0
Tennessee,1870.0,1860.0,1910.0,1870.0,1920.0
Vermont,1860.0,1860.0,1860.0,1860.0,1900.0
Virginia,1860.0,1860.0,1860.0,1870.0,1910.0
Washington,1870.0,,1860.0,1870.0,
West Virginia,1860.0,1860.0,1860.0,1870.0,1900.0
Wisconsin,1860.0,1860.0,1860.0,1860.0,1920.0
