,1. level / aircraft / city,2. level / levels / point,3. level / ground / par,4. isle / grove / guerre,5. force / aircraft / ambulance
national,1860.0,1870.0,1870.0,1890.0,1910.0
District of Columbia,1860.0,1870.0,1880.0,,1900.0
Indiana,1860.0,1870.0,1870.0,,
Iowa,1860.0,1880.0,1860.0,1870.0,1910.0
Louisiana,1860.0,1870.0,1870.0,,1910.0
Maine,1860.0,1860.0,1860.0,,
Maryland,1860.0,1870.0,1880.0,,1910.0
Minnesota,1910.0,1880.0,1870.0,1860.0,1910.0
New York,1860.0,1870.0,1870.0,,
Ohio,1860.0,1860.0,1860.0,,1910.0
Pennsylvania,1860.0,1870.0,1860.0,,
South Carolina,1860.0,1870.0,1870.0,,1910.0
Tennessee,1860.0,1870.0,1870.0,,1910.0
Vermont,1860.0,1860.0,1860.0,,1910.0
Virginia,1860.0,1870.0,1880.0,,1910.0
West Virginia,1860.0,1870.0,1880.0,1890.0,1910.0
Wisconsin,1860.0,1860.0,1860.0,1880.0,
