,1. vote / political / young,2. government / state / party,3. room / hall / house,4. room / company / hall,5. basement / chamber / middle
national,1860,1860,1860,1870,1880
District of Columbia,1860,1860,1860,1860,1880
Indiana,1860,1870,1880,1880,1880
Louisiana,1860,1860,1860,1880,1900
Maine,1860,1860,1860,1860,1880
New York,1860,1860,1870,1860,1880
Ohio,1860,1860,1860,1880,1890
Pennsylvania,1860,1860,1860,1880,1880
South Carolina,1860,1860,1870,1880,1880
Tennessee,1860,1860,1860,1900,1900
Vermont,1860,1860,1870,1870,1880
Virginia,1860,1860,1860,1880,1880
West Virginia,1860,1860,1860,1860,1880
