,1. carolina / van / john,2. truck / train / large,3. train / room / service,4. train / room / station,5. railway / bus / vehicle
national,1860,1860,1860,1870,1880
Arkansas,1860,1870,1870,1870,1880
California,1860,1860,1870,1860,1880
Connecticut,1860,1860,1860,1900,1880
Delaware,1860,1860,1860,1880,1880
District of Columbia,1860,1860,1860,1880,1900
Hawaii,1860,1860,1880,1910,1890
Idaho,1860,1880,1880,1870,1890
Illinois,1860,1860,1860,1880,1880
Indiana,1860,1860,1870,1870,1880
Iowa,1860,1860,1880,1860,1880
Kansas,1860,1870,1860,1880,1880
Louisiana,1860,1860,1880,1860,1880
Maine,1860,1860,1860,1880,1880
Maryland,1860,1860,1860,1910,1880
Michigan,1860,1860,1870,1860,1880
Minnesota,1860,1860,1870,1860,1870
Mississippi,1860,1870,1870,1860,1870
Missouri,1860,1870,1870,1860,1880
Montana,1860,1900,1860,1870,1870
Nebraska,1860,1870,1880,1880,1880
Nevada,1860,1870,1860,1910,1880
New Jersey,1860,1860,1860,1870,1870
New York,1860,1860,1860,1860,1870
North Carolina,1860,1870,1880,1910,1880
Ohio,1860,1860,1860,1860,1880
Oregon,1860,1870,1860,1860,1880
Pennsylvania,1860,1870,1860,1860,1890
South Carolina,1860,1860,1860,1900,1870
Tennessee,1860,1860,1860,1870,1870
Texas,1860,1870,1870,1910,1880
Vermont,1860,1860,1860,1860,1870
Virginia,1860,1860,1860,1860,1880
Washington,1860,1860,1860,1870,1890
West Virginia,1860,1860,1860,1860,1890
Wisconsin,1860,1860,1860,1870,1880
