,1. court / white / safe,2. street / junction / road,3. town / train / yard,4. time / point / hospital,5. department / base / center
national,1860.0,1860.0,1860.0,1860.0,1880.0
Arkansas,1860.0,1860.0,1860.0,1870.0,1900.0
California,,1860.0,1860.0,1860.0,1890.0
Connecticut,1870.0,1860.0,1860.0,1870.0,1890.0
Delaware,1860.0,1860.0,1860.0,1860.0,1900.0
District of Columbia,1860.0,1860.0,1860.0,1860.0,1890.0
Hawaii,1860.0,1860.0,1860.0,1860.0,1880.0
Idaho,,1860.0,1860.0,1880.0,1890.0
Illinois,1860.0,1860.0,1860.0,1870.0,1890.0
Indiana,1870.0,1860.0,1860.0,1860.0,1890.0
Iowa,1860.0,1860.0,1860.0,1870.0,1890.0
Kansas,1870.0,1860.0,1860.0,1860.0,1890.0
Louisiana,,1860.0,1860.0,1860.0,1890.0
Maine,1860.0,1860.0,1860.0,1860.0,1870.0
Maryland,,1860.0,1860.0,1870.0,1910.0
Michigan,1860.0,1860.0,1860.0,1860.0,1880.0
Minnesota,1860.0,1860.0,1860.0,1860.0,1880.0
Mississippi,,1860.0,1860.0,1860.0,1890.0
Nebraska,,1860.0,1860.0,1860.0,1890.0
Nevada,,1870.0,1860.0,1870.0,1890.0
New Jersey,1880.0,1860.0,1860.0,1870.0,1880.0
New York,1860.0,1880.0,1860.0,1860.0,1870.0
North Carolina,,1880.0,1860.0,1870.0,1880.0
Ohio,1860.0,1860.0,1860.0,1860.0,1890.0
Pennsylvania,1860.0,1860.0,1860.0,1860.0,1890.0
South Carolina,1860.0,1860.0,1860.0,1860.0,1890.0
Tennessee,1860.0,1860.0,1860.0,1860.0,1890.0
Texas,1870.0,1860.0,1860.0,1860.0,1890.0
Vermont,1860.0,1860.0,1860.0,1860.0,1880.0
Virginia,1860.0,1860.0,1860.0,1860.0,1900.0
Washington,,1860.0,1860.0,1870.0,1880.0
West Virginia,1860.0,1860.0,1860.0,1860.0,1890.0
Wisconsin,1860.0,1860.0,1860.0,1860.0,1890.0
