,1. protect / save / hide,2. wall / door / window,3. open / double / new,4. film / new / wire,5. stage / door / film
national,1860.0,1860.0,1890.0,1910.0,1910.0
District of Columbia,1860.0,1860.0,1890.0,1910.0,1910.0
Indiana,,1870.0,1880.0,1910.0,1910.0
Iowa,1860.0,1860.0,1880.0,1860.0,1910.0
Louisiana,1860.0,1860.0,1890.0,1860.0,1910.0
Maine,1860.0,1860.0,1880.0,1910.0,1910.0
Maryland,1860.0,1860.0,1890.0,1910.0,1910.0
New York,1860.0,1860.0,1890.0,1860.0,1910.0
Ohio,1860.0,1860.0,1890.0,1910.0,1910.0
Pennsylvania,1860.0,1860.0,1880.0,1910.0,1910.0
South Carolina,1860.0,1870.0,1890.0,1860.0,1910.0
Tennessee,1860.0,1870.0,1890.0,1860.0,1910.0
Vermont,1860.0,1860.0,1880.0,1860.0,1910.0
Virginia,1860.0,1870.0,1890.0,1860.0,1910.0
West Virginia,1860.0,1860.0,,1860.0,1910.0
Wisconsin,1860.0,1860.0,1880.0,1860.0,1910.0
